{
    "version": 2,
    "name": "shovelknight.standalone.zip",
    "items": [
        "Shovel Knight - Standalone Edition.sh",
        "shovelknight-standalones/"
    ],
    "items_opt": null,
    "attr": {
        "title": "Shovel Knight: Standalone Edition",
        "desc": "A loader for the standalone editions of the Shovel Knight.series You must have a copy of one of the stand-alone Shovel Knight games for Linux copied to the ports/shovelknight/gamedata folder.  For more info on the setup needs, see https://github.com/christianhaitian/arkos/wiki/ArkOS-Emulators-and-Ports-information",
        "inst": "",
        "genres": [
            "action",
            "adventure"
        ],
        "porter": "t0b10-t3nm4 (exending JohnnyonFlame's work",
        "image": {},
        "rtr": false,
        "runtime": null,
        "reqs": []
    },
    "status": {
        "source": "PortMaster",
        "md5": "7046ff3b3fc1228d2ba9fde35616f6c7",
        "status": "Installed"
    },
    "files": {
        "port.json": "shovelknight-standalone/shovelknight.standalone.port.json",
        "Shovel Knight.sh": "Shovel Knight - Standalone Edition.sh",
        "shovelknight/": "shovelknight/"
    }
}