{
  "version": 4,
  "name": "teeworlds.zip",
  "items": [
    "Teeworlds.sh",
    "teeworlds"
  ],
  "items_opt": [],
  "attr": {
    "title": "Teeworlds",
    "porter": [
      "t0b10"
    ],
    "desc": "Teeworlds is a free online multiplayer game, available for all major operating systems. Battle with up to 16 players in a variety of game modes, including Team Deathmatch and Capture The Flag. You can even design your own maps!",
    "desc_md": null,
    "inst": "Port is ready-to-run. Simply launch it.",
    "inst_md": null,
    "genres": [
      "action",
      "arcade",
      "strategy"
    ],
    "image": null,
    "rtr": true,
    "exp": false,
    "runtime": [
      "weston_pkg_0.2.squashfs"
    ],
    "store": [],
    "availability": "full",
    "reqs": [],
    "arch": [
      "aarch64"
    ],
    "min_glibc": ""
  }
}